crime_id,crime_date,crime_time,crime_type,muni,year,month,week,day,week_day,week_day_name,crime_hour,crime_lon,crime_lat,atm_dist,bank_dist,bar_dist,cafe_dist,industrial_dist,market_dist,nightclub_dist,police_dist,pub_dist,restaurant_dist,taxi_dist,grid_id,grid_lon,grid_lat,utm_x,utm_y,datetime,timestamp
v38190,2015-04-01,03:56:38,Sustraccion,Valencia,2015,4,13,91,3,Tuesday,3,-0.332289994,39.46710968,92.86641646,478.6308,180.4658,196.0431,36.1282,96.4115,742.4913,288.5197,17.144,76.8225,327.9,238,-0.334142275,39.46532225,729491.231511675,4372011.625337184,2015-04-01 03:56:38,1427860598
v38198,2015-04-01,09:29:00,Sustraccion,Valencia,2015,4,13,91,3,Tuesday,9,-0.375661135,39.44351196,1753.118096,579.5983,892.7557,659.9742,675.5178,1862.616,1081.3316,993.1489,1188.1107,516.9273,954.3527,311,-0.373103365,39.44168825,725835.9918143437,4369282.604888851,2015-04-01 09:29:00,1427880540
v38191,2015-04-01,13:44:06,Sustraccion,Valencia,2015,4,13,91,3,Tuesday,13,-0.401477098,39.47288132,1601.828453,276.0216,796.1374,395.0636,968.2943,759.2342,1118.4396,571.2148,826.4612,173.324,548.3518,206,-0.400932715,39.47123075,723520.0883078915,4372478.279775636,2015-04-01 13:44:06,1427895846
v38217,2015-04-02,01:07:51,Sustraccion,Valencia,2015,4,14,92,4,Wednesday,1,-0.345724285,39.47177887,620.6471632,203.5544,134.6741,210.7109,899.8141,997.5523,1525.3562,1542.8083,106.1033,131.2996,566.3629,216,-0.345274015,39.47123075,728320.1049214073,4372495.773517332,2015-04-02 01:07:51,1427936871
v38203,2015-04-02,12:50:11,Sustraccion,Valencia,2015,4,14,92,4,Wednesday,12,-0.32402274,39.4620285,1020.348707,677.5545,328.4935,802.3323,398.4021,1063.5418,1098.1867,496.8503,557.6162,130.4723,103.8757,260,-0.323010535,39.45941375,730219.282409321,4371468.696000364,2015-04-02 12:50:11,1427979011
v38212,2015-04-02,16:53:15,Sustraccion,Valencia,2015,4,14,92,4,Wednesday,16,-0.38697499,39.45235825,1006.906718,211.6086,483.5678,203.5519,66.3288,1801.5854,457.2331,1002.5735,366.9194,61.3727,1016.8844,269,-0.384235105,39.45350525,724833.7788201246,4370236.267319414,2015-04-02 16:53:15,1427993595
v38207,2015-04-02,19:48:37,Sustraccion,Valencia,2015,4,14,92,4,Wednesday,19,-0.384949267,39.48973083,54.12373325,181.2264,250.2035,512.4426,1504.9509,1218.0811,885.8552,679.1956,989.1148,342.531,1002.8928,149,-0.384235105,39.48895625,724887.656913094,4374389.773498794,2015-04-02 19:48:37,1428004117
v38201,2015-04-02,22:54:13,Sustraccion,Valencia,2015,4,14,92,4,Wednesday,22,-0.357178956,39.46913528,656.3208369,162.2831,12.972,163.5206,265.3698,437.719,1119.7433,797.0059,521.5686,85.5615,562.588,214,-0.356405755,39.47123075,727343.251894128,4372173.347914284,2015-04-02 22:54:13,1428015253
v38228,2015-04-03,02:02:57,Sustraccion,Valencia,2015,4,14,93,5,Thursday,2,-0.3781299,39.4937439,659.868113,68.0629,809.4019,694.0201,1181.6684,1076.5657,912.1122,627.8506,811.6931,349.4293,734.25,130,-0.378669235,39.49486475,725461.2109232137,4374852.294081983,2015-04-03 02:02:57,1428026577
v38226,2015-04-03,06:08:59,Sustraccion,Valencia,2015,4,14,93,5,Thursday,6,-0.383224964,39.45858383,299.0672349,468.4696,274.7488,194.2842,80.29,1192.6878,38.1574,622.8397,114.1508,168.6593,297.2664,249,-0.384235105,39.45941375,725136.4170850337,4370936.6860644,2015-04-03 06:08:59,1428041339
v38229,2015-04-03,13:25:37,Sustraccion,Valencia,2015,4,14,93,5,Thursday,13,-0.342085004,39.46586609,836.7244071,332.6366,311.1601,285.2955,613.7764,825.5188,851.3984,1211.3684,684.6469,262.6891,178.8686,237,-0.339708145,39.46532225,728652.5663062145,4371848.669490881,2015-04-03 13:25:37,1428067537
v38234,2015-04-03,13:30:58,Sustraccion,Valencia,2015,4,14,93,5,Thursday,13,-0.3622545,39.48225021,794.6226568,136.0742,322.2442,126.9486,50.2002,1195.6688,1137.9588,880.5817,166.9316,111.502,1502.387,173,-0.361971625,39.48304775,726863.939853153,4373616.343308079,2015-04-03 13:30:58,1428067858
v38237,2015-04-04,17:29:31,Sustraccion,Valencia,2015,4,14,94,6,Friday,17,-0.380563408,39.47316742,94.23272241,60.6988,171.246,49.6946,562.8657,128.2663,678.0755,359.4176,150.1616,48.9651,549.7511,210,-0.378669235,39.47123075,725318.362927165,4372562.155959081,2015-04-04 17:29:31,1428168571
v38236,2015-04-04,19:34:52,Sustraccion,Valencia,2015,4,14,94,6,Friday,19,-0.364862412,39.48534775,602.9185838,152.9666,40.9852,330.2478,365.6597,943.0548,1101.63,937.127,61.5931,50.9372,1120.6902,172,-0.367537495,39.48304775,726629.5487941481,4373953.611527386,2015-04-04 19:34:52,1428176092
v38244,2015-04-04,21:37:57,Sustraccion,Valencia,2015,4,14,94,6,Friday,21,-0.374283999,39.46737289,326.581846,60.6506,314.45,42.3324,402.835,574.1372,326.6263,964.9516,224.9396,47.2013,151.1096,231,-0.373103365,39.46532225,725877.3282573743,4371934.678248983,2015-04-04 21:37:57,1428183477
v38266,2015-04-05,01:36:53,Sustraccion,Valencia,2015,4,14,95,7,Saturday,1,-0.329064995,39.48037338,537.1161553,112.9251,359.6732,389.1232,25.4409,1288.9041,836.8211,785.2022,120.8154,158.5322,1180.2569,179,-0.328576405,39.48304775,729725.038312986,4373492.1650173385,2015-04-05 01:36:53,1428197813
v38257,2015-04-05,05:58:18,Sustraccion,Valencia,2015,4,14,95,7,Saturday,5,-0.386916578,39.4571228,691.6691183,172.5989,542.1845,479.9243,241.433,1588.8609,238.4352,536.1465,455.4125,346.0503,681.3387,249,-0.384235105,39.45941375,724823.4670169647,4370765.288592928,2015-04-05 05:58:18,1428213498
v38258,2015-04-05,06:09:32,Sustraccion,Valencia,2015,4,14,95,7,Saturday,6,-0.376560271,39.4854393,684.7889811,371.178,113.9895,430.763,909.733,280.9782,87.1632,284.3455,159.3686,199.3048,1065.9324,170,-0.378669235,39.48304775,725623.0664590617,4373934.392133256,2015-04-05 06:09:32,1428214172
v38265,2015-04-05,14:23:00,Sustraccion,Valencia,2015,4,14,95,7,Saturday,14,-0.37105,39.45581055,1069.49694,137.7865,298.2936,392.5031,608.9436,587.9342,598.5323,338.1768,637.9712,302.0731,604.8985,271,-0.373103365,39.45350525,726193.0253563074,4370659.34463863,2015-04-05 14:23:00,1428243780
v38273,2015-04-05,15:08:49,Sustraccion,Valencia,2015,4,14,95,7,Saturday,15,-0.367625475,39.45646667,1145.892743,478.0744,549.8738,318.8047,800.5598,637.316,710.1761,7.36507,583.7805,78.7945,944.3498,252,-0.367537495,39.45941375,726485.5814085103,4370740.779826921,2015-04-05 15:08:49,1428246529
v38276,2015-04-05,23:06:09,Sustraccion,Valencia,2015,4,14,95,7,Saturday,23,-0.322494298,39.46653366,988.9503232,918.2456,149.8662,779.3465,307.0921,1052.8868,696.3702,464.1583,611.5082,137.799,373.4044,240,-0.323010535,39.46532225,730335.9310088748,4371972.692121837,2015-04-05 23:06:09,1428275169
v38285,2015-04-06,11:01:29,Sustraccion,Valencia,2015,4,14,96,1,Sunday,11,-0.372999281,39.47679901,218.204899,218.0902,265.6584,221.9964,1180.1556,691.1672,675.5232,975.1378,315.2911,90.1938,303.7545,191,-0.373103365,39.47713925,725957.342593413,4372984.225817293,2015-04-06 11:01:29,1428318089
v38284,2015-04-06,13:36:31,Sustraccion,Valencia,2015,4,14,96,1,Sunday,13,-0.380433083,39.46969223,286.423101,148.271,95.4917,64.8265,492.9888,407.96,679.1211,307.7893,333.8916,92.0864,374.0896,210,-0.378669235,39.47123075,725340.7941544594,4372176.727073775,2015-04-06 13:36:31,1428327391
v38283,2015-04-06,14:54:31,Sustraccion,Valencia,2015,4,14,96,1,Sunday,14,-0.369650006,39.49585342,213.9732976,204.3205,1041.0994,136.5216,799.0,1303.1614,1258.9949,667.0206,743.3256,898.9509,160.0999,132,-0.367537495,39.49486475,726183.675064104,4375107.73184282,2015-04-06 14:54:31,1428332071
v38280,2015-04-06,19:16:11,Sustraccion,Valencia,2015,4,14,96,1,Sunday,19,-0.394005001,39.48189926,497.9597222,148.2603,167.6186,138.0613,774.1254,1252.2979,647.914,1417.2569,946.8113,44.2619,528.7338,167,-0.395366845,39.48304775,724133.9433963648,4373497.86582599,2015-04-06 19:16:11,1428347771
v38281,2015-04-06,21:15:05,Sustraccion,Valencia,2015,4,14,96,1,Sunday,21,-0.381706029,39.49024582,349.2536247,231.6298,511.0081,326.7276,1407.041,984.7677,790.9568,420.3581,792.5665,215.7536,1176.2774,149,-0.384235105,39.48895625,725164.9420556478,4374455.046017007,2015-04-06 21:15:05,1428354905
v38298,2015-04-07,01:34:08,Sustraccion,Valencia,2015,4,14,97,2,Monday,1,-0.366145015,39.44456863,1197.289092,965.2364,857.4961,1296.4477,410.7138,1791.5389,1819.711,630.4256,1774.7635,416.4888,1330.723,312,-0.367537495,39.44168825,726651.5801487804,4369423.79098169,2015-04-07 01:34:08,1428370448
v38299,2015-04-07,05:03:11,Sustraccion,Valencia,2015,4,14,97,2,Monday,5,-0.365345836,39.48681641,646.8813269,298.4303,123.0737,214.3284,233.6792,935.1274,1069.5841,827.8349,166.6613,104.0877,971.5135,152,-0.367537495,39.48895625,726583.1969270745,4374115.420430523,2015-04-07 05:03:11,1428382991
v38297,2015-04-07,07:42:07,Sustraccion,Valencia,2015,4,14,97,2,Monday,7,-0.361775964,39.42854691,2419.354523,2294.9072,2474.8954,2656.4077,631.7687,3452.0562,3068.9336,2287.8464,2372.4949,230.4472,2638.4882,353,-0.361971625,39.42987125,727079.6579561552,4367656.341358085,2015-04-07 07:42:07,1428392527
v38301,2015-04-07,09:22:14,Sustraccion,Valencia,2015,4,14,97,2,Monday,9,-0.380034655,39.47550964,300.7872742,231.0835,53.2103,87.5699,751.3931,199.1095,823.4287,570.2873,83.0151,12.827,475.0409,190,-0.378669235,39.47713925,725356.2879381458,4372823.471603762,2015-04-07 09:22:14,1428398534
v38302,2015-04-07,11:02:59,Sustraccion,Valencia,2015,4,14,97,2,Monday,11,-0.390954733,39.44495773,1840.468243,348.6737,922.1051,299.2879,437.0525,2391.6309,627.8904,1752.647,121.3911,396.3986,940.7558,288,-0.389800975,39.44759675,724515.0862586016,4369404.870340667,2015-04-07 11:02:59,1428404579
v38296,2015-04-07,13:04:29,Sustraccion,Valencia,2015,4,14,97,2,Monday,13,-0.372029155,39.45838547,893.9255491,229.7725,286.4581,133.3724,537.6263,332.5474,326.4215,469.3302,405.3589,162.4396,692.8739,251,-0.373103365,39.45941375,726100.4309302547,4370942.709069672,2015-04-07 13:04:29,1428411869
v38322,2015-04-08,08:38:31,Sustraccion,Valencia,2015,4,14,98,3,Tuesday,8,-0.392385006,39.4452858,1897.311686,408.7859,892.7101,197.5395,297.9499,2292.581,743.0462,1747.6057,241.1067,366.9755,986.7705,288,-0.389800975,39.44759675,724390.9373117551,4369437.723984988,2015-04-08 08:38:31,1428482311
v38314,2015-04-08,09:25:23,Sustraccion,Valencia,2015,4,14,98,3,Tuesday,9,-0.366914988,39.46575928,466.3282768,177.512,386.3695,101.6948,251.5591,552.8516,668.2891,842.0372,234.8865,15.447,606.5576,232,-0.367537495,39.46532225,726516.5699277255,4371774.070536613,2015-04-08 09:25:23,1428485123
v38310,2015-04-08,13:59:46,Sustraccion,Valencia,2015,4,14,98,3,Tuesday,13,-0.390068471,39.44623566,1684.983452,196.0463,805.0503,304.5966,352.2523,2331.6597,492.6937,1614.5572,83.1348,304.4528,1070.6196,288,-0.389800975,39.44759675,724587.2534056632,4369548.931760901,2015-04-08 13:59:46,1428501586
v38318,2015-04-08,17:59:34,Sustraccion,Valencia,2015,4,14,98,3,Tuesday,17,-0.363192111,39.48579788,772.6016372,144.3816,119.02,158.7896,317.8123,1115.5917,1270.9038,864.5525,60.5843,48.4985,1183.7276,173,-0.361971625,39.48304775,726771.7559153544,4374007.783344919,2015-04-08 17:59:34,1428515974
v38319,2015-04-08,18:09:48,Sustraccion,Valencia,2015,4,14,98,3,Tuesday,18,-0.391526133,39.49553299,70.0505316,342.9532,239.9355,610.8703,2015.885,2084.9507,1480.9972,1527.9694,895.9792,403.2416,995.6749,128,-0.389800975,39.49486475,724303.3268961135,4375017.419465208,2015-04-08 18:09:48,1428516588
v38315,2015-04-08,18:30:21,Sustraccion,Valencia,2015,4,14,98,3,Tuesday,18,-0.397024989,39.47309494,1194.560479,211.0629,590.872,177.1878,641.6486,980.6279,673.7225,506.73,583.9405,131.6138,504.7165,207,-0.395366845,39.47123075,723902.4160740679,4372513.051981584,2015-04-08 18:30:21,1428517821
v38313,2015-04-08,18:41:46,Sustraccion,Valencia,2015,4,14,98,3,Tuesday,18,-0.363371849,39.49110031,935.7586578,248.0238,559.6269,401.2473,497.6032,1310.7116,1394.8329,532.4241,261.7538,128.691,836.2102,153,-0.361971625,39.48895625,726739.0593935967,4374595.916821002,2015-04-08 18:41:46,1428518506
v38312,2015-04-08,18:53:10,Sustraccion,Valencia,2015,4,14,98,3,Tuesday,18,-0.387710005,39.46493912,666.2271807,182.8458,269.9371,94.6016,56.7128,836.0542,91.3682,241.4499,88.2978,93.6538,789.1813,228,-0.389800975,39.46532225,724730.0345668019,4371630.938020426,2015-04-08 18:53:10,1428519190
v38317,2015-04-08,21:16:48,Sustraccion,Valencia,2015,4,14,98,3,Tuesday,21,-0.370571792,39.48211288,32.15122399,32.8022,427.891,38.8281,646.8522,386.5677,598.9839,830.1369,657.86,100.6612,868.1791,171,-0.373103365,39.48304775,726148.9444475889,4373580.174832436,2015-04-08 21:16:48,1428527808
v38335,2015-04-09,09:45:52,Sustraccion,Valencia,2015,4,15,99,4,Wednesday,9,-0.397043645,39.4727211,1190.82436,188.6934,626.9348,143.2712,613.6668,950.7203,675.1797,469.4199,558.8925,94.7926,513.3879,207,-0.395366845,39.47123075,723902.0104009649,4372471.508498429,2015-04-09 09:45:52,1428572752
v38330,2015-04-09,11:11:08,Sustraccion,Valencia,2015,4,15,99,4,Wednesday,11,-0.352556884,39.45357513,166.1731766,636.5023,204.5707,476.5106,465.0942,1266.4674,1835.2849,1541.5102,721.3281,164.8148,228.21,275,-0.350839885,39.45350525,727791.6705452523,4370457.804492351,2015-04-09 11:11:08,1428577868
v38346,2015-04-09,11:15:34,Sustraccion,Valencia,2015,4,15,99,4,Wednesday,11,-0.374745011,39.45523834,785.4420636,198.886,76.6513,404.7173,270.0172,719.7342,675.15,711.8783,610.7104,125.9181,277.5211,271,-0.373103365,39.45350525,725876.9166862471,4370586.556732743,2015-04-09 11:15:34,1428578134
v38327,2015-04-09,11:38:18,Sustraccion,Valencia,2015,4,15,99,4,Wednesday,11,-0.357499987,39.46371078,807.6511978,333.9055,8.16991,82.857,363.0917,429.9075,1353.1947,1170.5741,407.6673,362.0008,37.9098,234,-0.356405755,39.46532225,727333.2964403671,4371570.40245557,2015-04-09 11:38:18,1428579498
v38341,2015-04-09,14:40:09,Sustraccion,Valencia,2015,4,15,99,4,Wednesday,14,-0.374384016,39.48773575,667.715423,71.5035,204.8736,612.2835,656.6807,408.9671,319.5082,272.7832,281.1443,132.9562,790.2156,151,-0.373103365,39.48895625,725802.8222008506,4374194.760944028,2015-04-09 14:40:09,1428590409
v38343,2015-04-09,14:44:46,Sustraccion,Valencia,2015,4,15,99,4,Wednesday,14,-0.330884993,39.46231842,588.4673684,27.2888,288.3474,188.3108,136.2903,418.3949,501.6295,228.6219,386.6813,150.69,561.5215,259,-0.328576405,39.45941375,729627.873589808,4371483.360731054,2015-04-09 14:44:46,1428590686
v38325,2015-04-09,17:02:12,Sustraccion,Valencia,2015,4,15,99,4,Wednesday,17,-0.391757309,39.44726181,1704.161605,241.2344,690.9468,121.2297,314.2842,2153.2264,632.2537,1540.9274,212.1477,161.5922,1175.1739,288,-0.389800975,39.44759675,724438.6108716641,4369658.628347714,2015-04-09 17:02:12,1428598932
v38328,2015-04-09,17:56:16,Sustraccion,Valencia,2015,4,15,99,4,Wednesday,17,-0.362369001,39.49440002,939.9167016,467.7719,852.8394,415.1769,701.6519,1595.8018,1650.4178,421.7521,464.7455,255.9727,850.6347,133,-0.361971625,39.49486475,726814.5805248057,4374964.721649589,2015-04-09 17:56:16,1428602176
v38323,2015-04-09,19:10:07,Sustraccion,Valencia,2015,4,15,99,4,Wednesday,19,-0.37311554,39.49342728,235.1851297,87.9463,736.2237,328.365,760.5141,986.2781,895.4232,336.7828,489.7482,519.8152,264.1712,131,-0.373103365,39.49486475,725893.4921187529,4374829.720107281,2015-04-09 19:10:07,1428606607
v38339,2015-04-09,20:58:34,Sustraccion,Valencia,2015,4,15,99,4,Wednesday,20,-0.375231326,39.46813202,307.2116656,104.286,198.9597,57.3417,472.3964,687.4419,399.444,850.1157,109.7491,22.5363,97.9591,231,-0.373103365,39.46532225,725793.3678756501,4372016.568189339,2015-04-09 20:58:34,1428613114
v38326,2015-04-09,21:51:58,Sustraccion,Valencia,2015,4,15,99,4,Wednesday,21,-0.351756066,39.47082138,294.4087785,236.4949,187.6867,296.9766,501.1783,515.8448,1621.7177,1235.0483,267.5055,223.7653,910.3356,215,-0.350839885,39.47123075,727804.3061576097,4372374.213668678,2015-04-09 21:51:58,1428616318
v38355,2015-04-10,10:11:56,Sustraccion,Valencia,2015,4,15,100,5,Thursday,10,-0.403524995,39.45452118,2347.869405,40.1759,602.6885,985.475,456.3533,1097.4234,1174.3299,919.3707,621.9359,137.5281,621.2352,266,-0.400932715,39.45350525,723402.6501163668,4370435.185669791,2015-04-10 10:11:56,1428660716
v38368,2015-04-10,12:55:55,Sustraccion,Valencia,2015,4,15,100,5,Thursday,12,-0.362397671,39.45919418,880.909329,269.3741,42.2514,413.2276,353.08,894.4171,1040.7029,594.2131,639.806,88.1828,677.1834,253,-0.361971625,39.45941375,726926.571745484,4371056.69737422,2015-04-10 12:55:55,1428670555
v38364,2015-04-10,14:12:53,Sustraccion,Valencia,2015,4,15,100,5,Thursday,14,-0.362397671,39.45919418,880.909329,269.3741,42.2514,413.2276,353.08,894.4171,1040.7029,594.2131,639.806,88.1828,677.1834,253,-0.361971625,39.45941375,726926.571745484,4371056.69737422,2015-04-10 14:12:53,1428675173
v38366,2015-04-10,14:51:04,Sustraccion,Valencia,2015,4,15,100,5,Thursday,14,-0.392150879,39.47475052,780.0721103,312.6995,392.7781,366.2602,253.6284,712.4338,266.9005,755.9118,507.9021,325.8199,91.8912,188,-0.389800975,39.47713925,724316.4114605769,4372708.955319788,2015-04-10 14:51:04,1428677464
v38359,2015-04-10,17:56:51,Sustraccion,Valencia,2015,4,15,100,5,Thursday,17,-0.392904997,39.45103836,1526.013359,398.6188,317.3439,267.0337,330.3501,1775.4585,533.1606,1213.853,73.8924,253.3489,1097.6762,267,-0.395366845,39.45350525,724327.7109181791,4370074.974797696,2015-04-10 17:56:51,1428688611
v38362,2015-04-10,19:08:57,Sustraccion,Valencia,2015,4,15,100,5,Thursday,19,-0.398086548,39.48487091,467.8598195,68.0474,147.0623,501.0325,1259.9035,1752.0572,1112.9933,1680.7642,664.2422,53.2065,582.682,167,-0.395366845,39.48304775,723773.3234453874,4373817.573728243,2015-04-10 19:08:57,1428692937
v38370,2015-04-10,23:48:24,Sustraccion,Valencia,2015,4,15,100,5,Thursday,23,-0.355394989,39.47251129,645.9490982,275.1277,217.3525,125.4441,524.2804,650.8756,1250.5017,846.7239,473.7447,55.8718,917.6928,214,-0.356405755,39.47123075,727485.731632569,4372552.600027757,2015-04-10 23:48:24,1428709704
v38365,2015-04-10,23:57:55,Sustraccion,Valencia,2015,4,15,100,5,Thursday,23,-0.386916578,39.4571228,691.6691183,172.5989,542.1845,479.9243,241.433,1588.8609,238.4352,536.1465,455.4125,346.0503,681.3387,249,-0.384235105,39.45941375,724823.4670169647,4370765.288592928,2015-04-10 23:57:55,1428710275
v38374,2015-04-11,15:19:57,Sustraccion,Valencia,2015,4,15,101,6,Friday,15,-0.392226398,39.50552368,1043.497167,1263.0467,1226.3378,1519.0978,1893.1185,2822.2551,2470.4181,2264.7086,1556.0997,1338.1549,1705.4082,88,-0.389800975,39.50668175,724210.9741329158,4376124.669202575,2015-04-11 15:19:57,1428765597
v38377,2015-04-11,18:10:14,Sustraccion,Valencia,2015,4,15,101,6,Friday,18,-0.394710004,39.49954987,518.3417716,660.3498,673.6734,894.3628,2460.6566,2579.8139,1963.439,2017.7434,915.5127,797.3108,1061.9182,107,-0.395366845,39.50077325,724016.6039904803,4375455.374773252,2015-04-11 18:10:14,1428775814
v38373,2015-04-11,20:33:09,Sustraccion,Valencia,2015,4,15,101,6,Friday,20,-0.373268217,39.46810913,235.5845336,39.4048,242.5283,101.3557,501.3169,603.9884,425.7644,1038.75,304.6836,71.992,180.0627,231,-0.373103365,39.46532225,725962.3395772988,4372018.950884873,2015-04-11 20:33:09,1428784389
v38375,2015-04-11,20:46:16,Sustraccion,Valencia,2015,4,15,101,6,Friday,20,-0.366618454,39.45846176,1147.301324,485.3478,395.3146,255.8599,591.516,551.8547,668.9819,223.8989,455.7184,29.8196,1070.4473,252,-0.367537495,39.45941375,726565.7627133068,4370964.772280854,2015-04-11 20:46:16,1428785176
v38372,2015-04-11,21:03:07,Sustraccion,Valencia,2015,4,15,101,6,Friday,21,-0.392632991,39.48053741,587.4233326,96.8177,81.147,88.1395,586.0101,1059.0139,512.7844,1226.3027,979.8964,30.2263,352.125,167,-0.395366845,39.48304775,724256.3387206506,4373350.113410007,2015-04-11 21:03:07,1428786187
v38380,2015-04-11,23:57:44,Sustraccion,Valencia,2015,4,15,101,6,Friday,23,-0.404215008,39.467659,1928.697088,246.6004,711.6691,749.0678,1111.4279,235.9993,1323.3693,436.4693,555.53,252.9322,909.6397,225,-0.406498585,39.46532225,723301.2533737372,4371891.799033216,2015-04-11 23:57:44,1428796664
v38394,2015-04-12,06:02:42,Sustraccion,Valencia,2015,4,15,102,7,Saturday,6,-0.376212955,39.46376419,572.9657963,260.4317,188.9647,31.1591,124.1836,467.4555,103.2129,950.3378,223.5819,93.4797,355.8169,230,-0.378669235,39.46532225,725723.0350582231,4371529.26735963,2015-04-12 06:02:42,1428818562
v38410,2015-04-12,10:01:31,Sustraccion,Valencia,2015,4,15,102,7,Saturday,10,-0.377095014,39.47989655,360.0466711,295.4463,85.2731,156.7983,1229.3982,461.9293,515.8248,771.909,149.8009,48.1053,534.5136,190,-0.378669235,39.47713925,725594.992440664,4373317.791455326,2015-04-12 10:01:31,1428832891
v38407,2015-04-12,10:27:17,Sustraccion,Valencia,2015,4,15,102,7,Saturday,10,-0.396977812,39.47802353,948.839749,209.8066,139.2107,57.0797,770.3765,1277.3645,846.2589,997.8872,706.2431,23.7561,462.8298,187,-0.395366845,39.47713925,723890.6623153535,4373060.254291396,2015-04-12 10:27:17,1428834437
v38396,2015-04-12,16:57:27,Sustraccion,Valencia,2015,4,15,102,7,Saturday,16,-0.383224964,39.45858383,299.0672349,468.4696,274.7488,194.2842,80.29,1192.6878,38.1574,622.8397,114.1508,168.6593,297.2664,249,-0.384235105,39.45941375,725136.4170850337,4370936.6860644,2015-04-12 16:57:27,1428857847
v38415,2015-04-12,19:00:36,Sustraccion,Valencia,2015,4,15,102,7,Saturday,19,-0.390049636,39.48805237,241.9687599,569.5215,47.3119,169.3357,1260.1125,1585.8935,723.0791,1152.2416,1038.7534,72.2719,818.652,148,-0.389800975,39.48895625,724454.380526176,4374190.730860891,2015-04-12 19:00:36,1428865236
v38422,2015-04-13,00:25:14,Sustraccion,Valencia,2015,4,15,103,1,Sunday,0,-0.369955003,39.46411514,609.6633028,190.8902,362.0021,216.2893,511.5356,227.8359,358.3419,794.3566,26.2387,24.7519,548.237,232,-0.367537495,39.46532225,726260.3392750508,4371583.925403339,2015-04-13 00:25:14,1428884714
v38429,2015-04-13,03:16:33,Sustraccion,Valencia,2015,4,15,103,1,Sunday,3,-0.332289994,39.46710968,92.86641646,478.6308,180.4658,196.0431,36.1282,96.4115,742.4913,288.5197,17.144,76.8225,327.9,238,-0.334142275,39.46532225,729491.231511675,4372011.625337184,2015-04-13 03:16:33,1428894993
v38436,2015-04-13,04:58:44,Sustraccion,Valencia,2015,4,15,103,1,Sunday,4,-0.352506012,39.45529938,240.3711021,470.3015,127.3436,349.7608,624.9791,1095.9504,1773.2208,1523.3653,577.9733,272.9103,264.0236,275,-0.350839885,39.45350525,727790.4242364106,4370649.3296722565,2015-04-13 04:58:44,1428901124
v38432,2015-04-13,09:53:54,Sustraccion,Valencia,2015,4,15,103,1,Sunday,9,-0.399374992,39.47666931,1168.683557,350.3258,407.7249,54.8833,973.6325,1182.014,985.8599,876.8722,586.4503,248.0343,279.1566,186,-0.400932715,39.47713925,723688.7900034982,4372903.974993317,2015-04-13 09:53:54,1428918834
v38435,2015-04-13,13:33:00,Sustraccion,Valencia,2015,4,15,103,1,Sunday,13,-0.362369001,39.49440002,939.9167016,467.7719,852.8394,415.1769,701.6519,1595.8018,1650.4178,421.7521,464.7455,255.9727,850.6347,133,-0.361971625,39.49486475,726814.5805248057,4374964.721649589,2015-04-13 13:33:00,1428931980
v38421,2015-04-13,17:31:42,Sustraccion,Valencia,2015,4,15,103,1,Sunday,17,-0.381821901,39.48576736,470.1047696,603.9946,414.5128,197.1022,1298.557,772.1879,601.3833,370.0054,520.7667,141.9278,828.5814,169,-0.384235105,39.48304775,725169.4319547156,4373957.634664011,2015-04-13 17:31:42,1428946302
v38433,2015-04-13,21:32:11,Sustraccion,Valencia,2015,4,15,103,1,Sunday,21,-0.40438199,39.47679901,1461.41221,569.9223,411.4381,365.1146,1429.3891,1135.4772,1463.6346,943.967,422.5456,326.5516,319.7352,185,-0.406498585,39.47713925,723257.6487140101,4372905.945902926,2015-04-13 21:32:11,1428960731
v38444,2015-04-14,09:34:00,Sustraccion,Valencia,2015,4,15,104,2,Monday,9,-0.325675011,39.48039627,861.6086619,229.0234,281.9974,386.9096,137.4838,1436.0199,746.4768,725.6376,233.2659,148.3003,1320.9208,180,-0.323010535,39.48304775,730016.5736438453,4373503.360893342,2015-04-14 09:34:00,1429004040
v38449,2015-04-14,10:29:17,Sustraccion,Valencia,2015,4,15,104,2,Monday,10,-0.360297114,39.48884964,1174.083158,16.1861,260.8966,143.3921,131.664,1479.2082,1606.4075,455.6625,34.0964,160.8996,1213.3839,153,-0.361971625,39.48895625,727010.8349014507,4374353.834574101,2015-04-14 10:29:17,1429007357
v38445,2015-04-14,12:11:53,Sustraccion,Valencia,2015,4,15,104,2,Monday,12,-0.347984999,39.46712112,287.906436,144.2309,238.147,234.2797,442.8066,605.9055,1413.6459,1707.8019,325.2272,230.6797,614.9056,236,-0.345274015,39.46532225,728140.8352116803,4371973.019533898,2015-04-14 12:11:53,1429013513
v38442,2015-04-14,14:54:08,Sustraccion,Valencia,2015,4,15,104,2,Monday,14,-0.348769814,39.45677567,259.5277484,257.2864,510.4957,234.4275,651.6685,1072.8484,1373.2685,1892.4735,484.6298,27.8737,165.3643,255,-0.350839885,39.45941375,728107.1090540343,4370822.656202544,2015-04-14 14:54:08,1429023248
v38450,2015-04-14,15:52:41,Sustraccion,Valencia,2015,4,15,104,2,Monday,15,-0.365770012,39.48526382,519.89435,223.5783,40.5159,342.9337,320.4446,852.3374,1010.6182,864.5371,151.8372,88.8711,1082.2077,172,-0.367537495,39.48304775,726551.7544734039,4373942.010724079,2015-04-14 15:52:41,1429026761
v38448,2015-04-14,20:28:39,Sustraccion,Valencia,2015,4,15,104,2,Monday,20,-0.357112765,39.46376801,772.1378882,323.0768,38.6893,87.5277,330.9589,395.21,1379.5991,1187.1086,400.0675,349.3889,26.6908,234,-0.356405755,39.46532225,727366.4272058879,4371577.732563127,2015-04-14 20:28:39,1429043319
v38437,2015-04-14,20:33:07,Sustraccion,Valencia,2015,4,15,104,2,Monday,20,-0.396194994,39.47993469,742.8051075,39.0782,58.3401,46.1098,787.7618,1298.2505,873.9802,1195.7168,729.2745,73.7935,562.2568,187,-0.395366845,39.47713925,723951.8690195285,4373274.344378751,2015-04-14 20:33:07,1429043587
v38451,2015-04-14,22:17:20,Sustraccion,Valencia,2015,4,15,104,2,Monday,22,-0.3749668,39.46374512,675.2286219,149.6656,171.3005,75.0929,33.6956,352.5967,30.164,1024.4313,196.9853,79.6017,367.9679,231,-0.373103365,39.46532225,725830.3173524258,4371530.274249965,2015-04-14 22:17:20,1429049840
v38452,2015-04-15,00:07:02,Sustraccion,Valencia,2015,4,15,105,3,Tuesday,0,-0.36430499,39.42972946,2369.313957,2359.3543,2275.3839,2443.7971,559.555,3274.5948,2799.3334,2110.4933,2496.3759,93.0876,2605.8715,353,-0.361971625,39.42987125,726858.1094451494,4367781.238724385,2015-04-15 00:07:02,1429056422
v38459,2015-04-15,01:38:11,Sustraccion,Valencia,2015,4,15,105,3,Tuesday,1,-0.362419993,39.47793579,898.2214406,128.2173,457.0735,106.3343,429.8873,1301.7954,781.0731,456.7418,281.5614,53.8269,1283.9093,193,-0.361971625,39.47713925,726863.7317775073,4373137.012766628,2015-04-15 01:38:11,1429061891
v38458,2015-04-15,09:04:24,Sustraccion,Valencia,2015,4,15,105,3,Tuesday,9,-0.366733909,39.46193314,841.775761,169.2319,400.625,140.6547,429.1326,418.0698,579.4763,551.9813,140.1718,140.7277,894.2777,252,-0.367537495,39.45941375,726544.5649115078,4371349.814182565,2015-04-15 09:04:24,1429088664
v38453,2015-04-15,09:28:21,Sustraccion,Valencia,2015,4,15,105,3,Tuesday,9,-0.360297114,39.48884964,1174.083158,16.1861,260.8966,143.3921,131.664,1479.2082,1606.4075,455.6625,34.0964,160.8996,1213.3839,153,-0.361971625,39.48895625,727010.8349014507,4374353.834574101,2015-04-15 09:28:21,1429090101
v38462,2015-04-15,15:44:36,Sustraccion,Valencia,2015,4,15,105,3,Tuesday,15,-0.377124995,39.47359848,297.6219937,85.4321,39.3677,4.59253,889.3518,221.5069,930.7318,676.1254,127.4758,17.5486,218.8825,210,-0.378669235,39.47123075,725612.774400876,4372618.613598103,2015-04-15 15:44:36,1429112676
v38469,2015-04-15,21:34:03,Sustraccion,Valencia,2015,4,15,105,3,Tuesday,21,-0.406434983,39.49605942,269.9036738,599.2255,701.3672,1239.6612,2653.459,3072.4087,2398.4558,2525.1236,792.1345,138.8615,856.837,125,-0.406498585,39.49486475,723019.4582574584,4375038.808465183,2015-04-15 21:34:03,1429133643
v38463,2015-04-15,22:09:30,Sustraccion,Valencia,2015,4,15,105,3,Tuesday,22,-0.391739994,39.44664001,1751.048837,274.6922,753.0079,133.7496,321.0614,2207.0164,641.1504,1601.2586,240.4549,223.4274,1113.0756,288,-0.389800975,39.44759675,724442.098741764,4369589.650439378,2015-04-15 22:09:30,1429135770
v38460,2015-04-15,22:28:39,Sustraccion,Valencia,2015,4,15,105,3,Tuesday,22,-0.393170476,39.44493484,1973.580207,490.9223,924.4479,224.8142,258.1215,2288.009,829.0126,1801.1895,293.2816,423.8302,968.6356,287,-0.395366845,39.44759675,724324.4637358297,4369396.810990376,2015-04-15 22:28:39,1429136919
v38476,2015-04-16,18:08:00,Sustraccion,Valencia,2015,4,16,106,4,Wednesday,18,-0.335770011,39.47536469,346.7169666,767.1418,398.188,755.9578,244.8932,764.3912,1083.3462,799.6678,900.0054,496.2809,529.7947,198,-0.334142275,39.47713925,729164.7133690919,4372919.097018183,2015-04-16 18:08:00,1429207680
v38471,2015-04-16,21:47:29,Sustraccion,Valencia,2015,4,16,106,4,Wednesday,21,-0.376623064,39.48719406,793.8107019,300.8577,185.9779,386.1695,883.5681,418.8429,240.7693,193.9467,331.4405,201.484,954.8457,150,-0.378669235,39.48895625,725611.9901685361,4374129.018125777,2015-04-16 21:47:29,1429220849
v38480,2015-04-17,13:18:47,Sustraccion,Valencia,2015,4,16,107,5,Thursday,13,-0.347550005,39.46515656,429.4081274,53.0532,146.4605,96.2792,451.6737,649.5625,1291.3739,1757.388,353.169,181.1858,621.0396,236,-0.345274015,39.46532225,728184.682453282,4371756.049389509,2015-04-17 13:18:47,1429276727
v38485,2015-04-17,17:18:54,Sustraccion,Valencia,2015,4,16,107,5,Thursday,17,-0.346691459,39.47694778,918.8347085,279.2371,401.4571,330.5981,1198.3656,1301.1356,1993.3905,1743.1445,274.1591,70.2206,1048.773,196,-0.345274015,39.47713925,728219.9934429361,4373067.08725824,2015-04-17 17:18:54,1429291134
v38493,2015-04-17,23:45:04,Sustraccion,Valencia,2015,4,16,107,5,Thursday,23,-0.394926965,39.47361755,999.9435651,417.9041,474.5333,355.7273,474.3179,968.8957,469.9857,618.8768,512.2031,254.7023,290.2441,207,-0.395366845,39.47123075,724081.2298059373,4372576.281391735,2015-04-17 23:45:04,1429314304
v38506,2015-04-18,04:14:50,Sustraccion,Valencia,2015,4,16,108,6,Friday,4,-0.346347988,39.45640182,102.6040352,231.1156,486.1793,15.7947,535.7772,1238.1379,1154.1497,1883.5753,506.0143,50.498,89.819,276,-0.345274015,39.45350525,728316.7298478759,4370787.293163545,2015-04-18 04:14:50,1429330490
v38507,2015-04-18,04:15:37,Sustraccion,Valencia,2015,4,16,108,6,Friday,4,-0.40764001,39.47098923,2108.787202,499.6886,735.4036,562.0037,1483.502,702.1003,1692.5383,455.7979,536.4166,135.5341,953.6268,205,-0.406498585,39.47123075,722995.9410056869,4372252.975249831,2015-04-18 04:15:37,1429330537
v38498,2015-04-18,06:30:44,Sustraccion,Valencia,2015,4,16,108,6,Friday,6,-0.39422664,39.46785355,956.2121885,202.3393,510.5614,508.4677,113.1672,929.5867,324.3833,344.7268,160.8326,178.8615,637.4956,227,-0.395366845,39.46532225,724159.9881603459,4371938.206953355,2015-04-18 06:30:44,1429338644
v38503,2015-04-18,11:45:55,Sustraccion,Valencia,2015,4,16,108,6,Friday,11,-0.390554994,39.46020126,979.0842769,242.7433,610.3899,311.7437,363.3245,1372.2842,241.5661,299.2871,255.3672,237.5581,931.901,248,-0.389800975,39.45941375,724500.4868786643,4371097.930240842,2015-04-18 11:45:55,1429357555
v38510,2015-04-18,12:56:58,Sustraccion,Valencia,2015,4,16,108,6,Friday,12,-0.346347988,39.45640182,102.6040352,231.1156,486.1793,15.7947,535.7772,1238.1379,1154.1497,1883.5753,506.0143,50.498,89.819,276,-0.345274015,39.45350525,728316.7298478759,4370787.293163545,2015-04-18 12:56:58,1429361818
v38511,2015-04-18,12:57:44,Sustraccion,Valencia,2015,4,16,108,6,Friday,12,-0.384827942,39.46459198,592.2086978,222.2555,43.2292,28.2718,277.9134,835.2616,242.4138,380.0402,177.4497,42.8647,543.5934,229,-0.384235105,39.46532225,724979.1246699459,4371599.599664038,2015-04-18 12:57:44,1429361864
v38497,2015-04-18,23:04:13,Sustraccion,Valencia,2015,4,16,108,6,Friday,23,-0.366833597,39.45775604,1129.471173,506.4622,429.6939,269.8611,658.1276,583.4294,687.0659,152.394,500.6556,102.4527,1068.9778,252,-0.367537495,39.45941375,726549.539700836,4370885.894434236,2015-04-18 23:04:13,1429398253
v38531,2015-04-19,00:39:19,Sustraccion,Valencia,2015,4,16,109,7,Saturday,0,-0.369800836,39.48350525,104.6928717,18.2709,425.3573,88.1611,488.1622,433.3408,622.8884,727.9473,557.1032,226.6849,1026.9632,172,-0.367537495,39.48304775,726210.7464234972,4373736.668724008,2015-04-19 00:39:19,1429403959
v38542,2015-04-19,06:06:54,Sustraccion,Valencia,2015,4,16,109,7,Saturday,6,-0.38213709,39.47908783,695.4698079,627.8284,242.6766,209.495,840.3037,612.043,584.0772,833.896,281.5951,82.0661,587.2315,189,-0.384235105,39.47713925,725163.8767720882,4373215.400565364,2015-04-19 06:06:54,1429423614
v38533,2015-04-19,07:15:16,Sustraccion,Valencia,2015,4,16,109,7,Saturday,7,-0.400568962,39.46372986,1701.843102,636.862,209.8064,481.9108,860.4864,318.0513,1048.2169,374.1842,419.4937,285.9282,415.8752,226,-0.400932715,39.46532225,723627.5303051064,4371464.702335596,2015-04-19 07:15:16,1429427716
v38536,2015-04-19,11:45:08,Sustraccion,Valencia,2015,4,16,109,7,Saturday,11,-0.374714971,39.4789505,215.4364922,81.7658,239.9451,124.5219,1135.0286,470.2774,606.763,934.7509,150.1459,160.0778,414.5195,191,-0.373103365,39.47713925,725802.7881257669,4373218.74321986,2015-04-19 11:45:08,1429443908
v38538,2015-04-19,12:38:51,Sustraccion,Valencia,2015,4,16,109,7,Saturday,12,-0.412751347,39.48485947,1387.520391,1343.6415,1057.0373,932.5799,2488.2174,2156.0039,2544.9495,1337.0682,1012.9651,1220.9839,1291.0912,164,-0.412064455,39.48304775,722511.9717159336,4373779.95725423,2015-04-19 12:38:51,1429447131
v38534,2015-04-19,12:54:21,Sustraccion,Valencia,2015,4,16,109,7,Saturday,12,-0.36350587,39.47029114,486.0455529,378.1595,278.6069,315.1621,391.4069,1039.416,486.0051,330.16,355.6392,204.4755,843.3915,213,-0.361971625,39.47123075,726795.1619614374,4372285.699206059,2015-04-19 12:54:21,1429448061
v38528,2015-04-19,21:01:58,Sustraccion,Valencia,2015,4,16,109,7,Saturday,21,-0.378989935,39.48287582,713.1267369,637.8677,308.0016,333.9953,1227.4511,465.698,372.3053,462.4872,227.0803,210.6832,881.9803,170,-0.378669235,39.48304775,725422.3633230787,4373643.752534472,2015-04-19 21:01:58,1429477318
v38537,2015-04-19,22:11:56,Sustraccion,Valencia,2015,4,16,109,7,Saturday,22,-0.33940801,39.47255325,636.4407412,450.5248,463.9844,675.6103,376.7713,752.002,1272.7604,947.494,533.5086,242.9849,508.7031,217,-0.339708145,39.47123075,728860.9654748945,4372597.765576688,2015-04-19 22:11:56,1429481516
v38559,2015-04-20,00:16:50,Sustraccion,Valencia,2015,4,16,110,1,Sunday,0,-0.363498777,39.45959091,981.9983784,245.7152,107.3154,331.6016,328.2687,777.4622,924.4787,521.1368,530.0519,110.1044,743.6173,253,-0.361971625,39.45941375,726830.5361391183,4371097.96211164,2015-04-20 00:16:50,1429489010
v38556,2015-04-20,11:28:27,Sustraccion,Valencia,2015,4,16,110,1,Sunday,11,-0.363292038,39.45823669,870.3269877,370.7351,88.7724,467.4336,455.2952,846.8221,982.5902,473.1796,642.2149,43.3994,807.2989,253,-0.361971625,39.45941375,726852.7248000707,4370948.160711238,2015-04-20 11:28:27,1429529307
v38543,2015-04-20,12:19:58,Sustraccion,Valencia,2015,4,16,110,1,Sunday,12,-0.376530737,39.45381165,773.4000854,159.2558,301.2373,557.1226,281.934,932.2535,860.2147,870.6643,720.7672,108.9995,79.4165,270,-0.378669235,39.45350525,725727.8631666241,4370423.714868629,2015-04-20 12:19:58,1429532398
v38551,2015-04-20,12:25:58,Sustraccion,Valencia,2015,4,16,110,1,Sunday,12,-0.414811224,39.46812057,2815.977565,1209.8148,58.0746,613.3874,2132.5679,1184.184,2382.6566,404.6025,233.066,80.5866,1672.1999,224,-0.412064455,39.46532225,722388.1280153797,4371916.816137092,2015-04-20 12:25:58,1429532758
v38554,2015-04-20,14:03:44,Sustraccion,Valencia,2015,4,16,110,1,Sunday,14,-0.356861353,39.47879028,1236.15451,101.0357,535.216,74.6256,671.8296,1295.6585,1276.9614,867.263,470.7917,67.1688,1528.4177,194,-0.356405755,39.47713925,727339.1235276128,4373245.88368862,2015-04-20 14:03:44,1429538624
v38565,2015-04-20,17:31:54,Sustraccion,Valencia,2015,4,16,110,1,Sunday,17,-0.404732227,39.49094009,461.7752166,346.5054,514.1925,958.5067,2157.0708,2548.2974,1971.2931,2084.456,511.231,281.864,473.263,145,-0.406498585,39.48895625,723182.2783269355,4374474.770466648,2015-04-20 17:31:54,1429551114
v38546,2015-04-20,19:54:05,Sustraccion,Valencia,2015,4,16,110,1,Sunday,19,-0.390545011,39.44522858,1795.330208,307.1464,898.3092,310.59,393.5472,2389.8883,578.9118,1720.1584,137.5376,378.9504,967.8964,288,-0.389800975,39.44759675,724549.4780865642,4369435.956193885,2015-04-20 19:54:05,1429559645
v38560,2015-04-20,22:33:07,Sustraccion,Valencia,2015,4,16,110,1,Sunday,22,-0.375784993,39.48498154,595.1193803,349.8244,201.1855,506.5178,850.5079,192.6044,11.2852,371.9562,160.0271,125.8599,1014.0548,171,-0.373103365,39.48304775,725691.2324265979,4373885.522698287,2015-04-20 22:33:07,1429569187
v38553,2015-04-20,23:17:50,Sustraccion,Valencia,2015,4,16,110,1,Sunday,23,-0.366733909,39.46193314,841.775761,169.2319,400.625,140.6547,429.1326,418.0698,579.4763,551.9813,140.1718,140.7277,894.2777,252,-0.367537495,39.45941375,726544.5649115078,4371349.814182565,2015-04-20 23:17:50,1429571870
v38574,2015-04-21,10:29:01,Sustraccion,Valencia,2015,4,16,111,2,Monday,10,-0.380403727,39.47506714,261.2429692,191.9671,87.0658,73.4231,694.0155,177.1914,769.0529,512.9083,69.4478,66.2009,507.822,190,-0.378669235,39.47713925,725325.9666509961,4372773.429362224,2015-04-21 10:29:01,1429612141
v38566,2015-04-21,12:27:14,Sustraccion,Valencia,2015,4,16,111,2,Monday,12,-0.363319993,39.48501587,730.9289356,84.7611,118.0027,193.1383,248.8855,1090.2906,1255.0377,937.2758,46.4774,24.0648,1236.4611,173,-0.361971625,39.48304775,726763.2982109607,4373920.655723472,2015-04-21 12:27:14,1429619234
v38567,2015-04-21,13:40:07,Sustraccion,Valencia,2015,4,16,111,2,Monday,13,-0.372204989,39.45744324,901.85685,133.9754,230.1975,229.1265,496.2902,428.3637,418.1228,456.9339,484.0573,229.7054,610.5828,251,-0.373103365,39.45941375,726088.3514186689,4370837.677862674,2015-04-21 13:40:07,1429623607
v38586,2015-04-22,06:26:27,Sustraccion,Valencia,2015,4,16,112,3,Tuesday,6,-0.393869996,39.4543457,1438.80591,422.1421,52.4815,19.8518,54.905,1454.6203,274.9002,967.3927,11.0391,69.8897,792.0187,267,-0.395366845,39.45350525,724234.0479370477,4370439.6939971885,2015-04-22 06:26:27,1429683987
v38584,2015-04-22,09:54:53,Sustraccion,Valencia,2015,4,16,112,3,Tuesday,9,-0.363110006,39.48252106,708.5608918,138.8784,329.7435,151.7038,85.3684,1107.7152,1122.4732,896.7123,191.3569,156.9701,1442.7663,173,-0.361971625,39.48304775,726789.4700919023,4373644.253159507,2015-04-22 09:54:53,1429696493
v38583,2015-04-22,14:43:31,Sustraccion,Valencia,2015,4,16,112,3,Tuesday,14,-0.395025551,39.48363113,355.110796,278.6209,205.3906,313.9826,974.9044,1448.3321,783.4461,1578.5239,882.4888,243.4822,704.4122,167,-0.395366845,39.48304775,724040.5958305883,4373687.567667868,2015-04-22 14:43:31,1429713811
v38588,2015-04-22,19:23:52,Sustraccion,Valencia,2015,4,16,112,3,Tuesday,19,-0.396059066,39.46256256,1379.702904,634.0337,446.0734,68.2609,593.916,773.4123,741.9235,573.598,487.1647,45.4644,484.9717,227,-0.395366845,39.46532225,724019.311149674,4371346.336299452,2015-04-22 19:23:52,1429730632
v38610,2015-04-23,00:58:25,Sustraccion,Valencia,2015,4,17,113,4,Wednesday,0,-0.390545011,39.44522858,1795.330208,307.1464,898.3092,310.59,393.5472,2389.8883,578.9118,1720.1584,137.5376,378.9504,967.8964,288,-0.389800975,39.44759675,724549.4780865642,4369435.956193885,2015-04-23 00:58:25,1429750705
v38607,2015-04-23,13:32:24,Sustraccion,Valencia,2015,4,17,113,4,Wednesday,13,-0.419231266,39.50415421,1770.80674,242.8519,191.9942,248.365,3643.359,4182.3067,3907.9204,3333.6253,2306.2857,173.9468,2363.7119,83,-0.417630325,39.50668175,721893.2064165957,4375905.721935063,2015-04-23 13:32:24,1429795944
v38602,2015-04-23,15:33:16,Sustraccion,Valencia,2015,4,17,113,4,Wednesday,15,-0.357349992,39.47052383,708.5229618,296.8917,27.3755,301.4234,385.0507,552.0465,1070.9414,713.2494,421.3629,54.1814,701.6519,214,-0.356405755,39.47123075,727324.0145845392,4372327.049285652,2015-04-23 15:33:16,1429803196
v38604,2015-04-23,15:40:27,Sustraccion,Valencia,2015,4,17,113,4,Wednesday,15,-0.349301279,39.46744537,153.4985759,134.9184,139.8284,149.1577,344.0718,483.9755,1545.3116,1573.8118,190.0558,115.433,744.5931,235,-0.350839885,39.46532225,728026.526756291,4372005.67875986,2015-04-23 15:40:27,1429803627
v38598,2015-04-23,20:46:39,Sustraccion,Valencia,2015,4,17,113,4,Wednesday,20,-0.383224964,39.45858383,299.0672349,468.4696,274.7488,194.2842,80.29,1192.6878,38.1574,622.8397,114.1508,168.6593,297.2664,249,-0.384235105,39.45941375,725136.4170850337,4370936.6860644,2015-04-23 20:46:39,1429821999
v38599,2015-04-23,20:47:22,Sustraccion,Valencia,2015,4,17,113,4,Wednesday,20,-0.331400007,39.46710968,127.1452408,458.3361,235.4884,107.089,35.4687,169.9052,785.4466,243.0355,103.3099,14.468,240.4203,238,-0.334142275,39.46532225,729567.8038632155,4372013.893554602,2015-04-23 20:47:22,1429822042
v38620,2015-04-24,09:43:30,Sustraccion,Valencia,2015,4,17,114,5,Thursday,9,-0.357114911,39.48168945,1310.802787,61.2452,378.277,40.2266,528.0806,1584.4209,1425.3634,1050.6116,187.7623,38.7629,1818.0162,174,-0.356405755,39.48304775,727307.8667123022,4373567.060353054,2015-04-24 09:43:30,1429868610
v38617,2015-04-24,17:31:06,Sustraccion,Valencia,2015,4,17,114,5,Thursday,17,-0.348360091,39.46111298,186.9799939,136.0469,162.048,298.3708,513.6181,754.4902,1284.5955,1965.916,89.8806,118.4185,442.7243,255,-0.350839885,39.45941375,728128.1950530282,4371305.147874374,2015-04-24 17:31:06,1429896666
v38619,2015-04-24,18:11:11,Sustraccion,Valencia,2015,4,17,114,5,Thursday,18,-0.408279985,39.46527481,2376.932616,702.5006,718.9488,951.8068,1469.5845,502.1914,1750.4479,545.7324,140.2318,612.0997,1005.5809,225,-0.406498585,39.46532225,722959.1337056074,4371617.078546538,2015-04-24 18:11:11,1429899071
v38615,2015-04-24,19:14:55,Sustraccion,Valencia,2015,4,17,114,5,Thursday,19,-0.359759778,39.48409271,1055.134932,149.7841,69.5401,128.7709,266.2539,1438.0889,1427.1949,900.1377,27.6746,76.2554,1543.4475,173,-0.361971625,39.48304775,727072.5352163659,4373827.155571086,2015-04-24 19:14:55,1429902895
v38618,2015-04-24,20:32:15,Sustraccion,Valencia,2015,4,17,114,5,Thursday,20,-0.35719499,39.46725845,654.3399478,33.5539,200.6613,29.7899,190.3122,340.8972,1186.1741,913.8752,542.3505,164.2472,374.9085,234,-0.356405755,39.46532225,727347.9850704412,4371964.973850343,2015-04-24 20:32:15,1429907535
v38646,2015-04-25,08:18:27,Sustraccion,Valencia,2015,4,17,115,6,Friday,8,-0.369800836,39.48350525,104.6928717,18.2709,425.3573,88.1611,488.1622,433.3408,622.8884,727.9473,557.1032,226.6849,1026.9632,172,-0.367537495,39.48304775,726210.7464234972,4373736.668724008,2015-04-25 08:18:27,1429949907
v38630,2015-04-25,11:40:12,Sustraccion,Valencia,2015,4,17,115,6,Friday,11,-0.385500014,39.44165039,1922.583646,619.1748,794.9742,928.7296,281.244,2442.04,638.6034,1910.9791,323.1169,711.2331,805.6168,309,-0.384235105,39.44168825,724995.1927046839,4369051.354344854,2015-04-25 11:40:12,1429962012
